date,year,phase,qc,cloud_over_basin,ice_snow_frac_lake,water_lower_km2,water_upper_km2,edge_upper_km2,edge_pct_of_upper,png_rgb,png_overlay,chip_tif
2016-10-27,2016,pre_breach,good,0.022,0.029,1.2028,1.3102,0.0,0.0,2016-10-27_rgb.png,2016-10-27_overlay.png,2016-10-27.tif
2016-10-30,2016,pre_breach,good,0,0.017,1.2031,1.3282,0.0,0.0,2016-10-30_rgb.png,2016-10-30_overlay.png,2016-10-30.tif
2017-10-17,2017,pre_breach,good,0,0.034,1.2796,1.3502,0.0,0.0,2017-10-17_rgb.png,2017-10-17_overlay.png,2017-10-17.tif
2018-09-17,2018,pre_breach,good,0.076,0.01,1.2421,1.3235,0.0,0.0,2018-09-17_rgb.png,2018-09-17_overlay.png,2018-09-17.tif
2018-10-27,2018,pre_breach,good,0.038,0.021,1.2712,1.3694,0.0,0.0,2018-10-27_rgb.png,2018-10-27_overlay.png,2018-10-27.tif
2018-10-30,2018,pre_breach,good,0,0.008,1.3249,1.4132,0.0,0.0,2018-10-30_rgb.png,2018-10-30_overlay.png,2018-10-30.tif
2019-09-10,2019,pre_breach,cloud_affected,0.294,0.003,1.2278,1.294,0.0,0.0,2019-09-10_rgb.png,2019-09-10_overlay.png,2019-09-10.tif
2019-09-15,2019,pre_breach,cloud_affected,0.267,0.0,1.0488,1.1127,0.0005,0.05,2019-09-15_rgb.png,2019-09-15_overlay.png,2019-09-15.tif
2019-10-02,2019,pre_breach,cloud_affected,0.205,0.026,1.2794,1.3525,0.0,0.0,2019-10-02_rgb.png,2019-10-02_overlay.png,2019-10-02.tif
2019-10-12,2019,pre_breach,cloud_affected,0.184,0.015,1.3124,1.3871,0.0,0.0,2019-10-12_rgb.png,2019-10-12_overlay.png,2019-10-12.tif
2019-10-15,2019,pre_breach,good,0.039,0.015,1.3214,1.4044,0.0,0.0,2019-10-15_rgb.png,2019-10-15_overlay.png,2019-10-15.tif
2019-10-17,2019,pre_breach,cloud_affected,0.174,0.016,1.3123,1.3834,0.0,0.0,2019-10-17_rgb.png,2019-10-17_overlay.png,2019-10-17.tif
2019-10-30,2019,pre_breach,cloud_affected,0.228,0.086,1.0814,1.2825,0.0,0.0,2019-10-30_rgb.png,2019-10-30_overlay.png,2019-10-30.tif
2019-11-04,2019,pre_breach,cloud_affected,0.175,0.078,1.2548,1.3762,0.0,0.0,2019-11-04_rgb.png,2019-11-04_overlay.png,2019-11-04.tif
2020-09-29,2020,pre_breach,cloud_affected,0.122,0,1.4123,1.4843,0.0046,0.31,2020-09-29_rgb.png,2020-09-29_overlay.png,2020-09-29.tif
2020-10-09,2020,pre_breach,cloud_affected,0.126,0.001,1.385,1.4613,0.0,0.0,2020-10-09_rgb.png,2020-10-09_overlay.png,2020-10-09.tif
2020-10-14,2020,pre_breach,cloud_affected,0.102,0.002,1.3766,1.4496,0.0,0.0,2020-10-14_rgb.png,2020-10-14_overlay.png,2020-10-14.tif
2020-10-16,2020,pre_breach,good,0.077,0.004,1.3731,1.4559,0.0,0.0,2020-10-16_rgb.png,2020-10-16_overlay.png,2020-10-16.tif
2020-10-19,2020,pre_breach,cloud_affected,0.135,0.003,1.3804,1.4515,0.0,0.0,2020-10-19_rgb.png,2020-10-19_overlay.png,2020-10-19.tif
2020-10-21,2020,pre_breach,cloud_affected,0.143,0.007,1.3548,1.421,0.0,0.0,2020-10-21_rgb.png,2020-10-21_overlay.png,2020-10-21.tif
2020-10-24,2020,pre_breach,good,0,0.003,1.4103,1.4968,0.0,0.0,2020-10-24_rgb.png,2020-10-24_overlay.png,2020-10-24.tif
2020-10-29,2020,pre_breach,good,0.042,0.003,1.3819,1.4613,0.0,0.0,2020-10-29_rgb.png,2020-10-29_overlay.png,2020-10-29.tif
2021-09-24,2021,pre_breach,cloud_affected,0.169,0.003,1.4078,1.4938,0.0007,0.04,2021-09-24_rgb.png,2021-09-24_overlay.png,2021-09-24.tif
2021-10-04,2021,pre_breach,cloud_affected,0.194,0.019,1.3273,1.4472,0.0019,0.13,2021-10-04_rgb.png,2021-10-04_overlay.png,2021-10-04.tif
2021-10-06,2021,pre_breach,cloud_affected,0.159,0.01,1.3976,1.4865,0.0,0.0,2021-10-06_rgb.png,2021-10-06_overlay.png,2021-10-06.tif
2021-10-09,2021,pre_breach,cloud_affected,0.135,0.003,1.4252,1.523,0.0019,0.12,2021-10-09_rgb.png,2021-10-09_overlay.png,2021-10-09.tif
2021-10-11,2021,pre_breach,cloud_affected,0.154,0.004,1.4095,1.4941,0.0,0.0,2021-10-11_rgb.png,2021-10-11_overlay.png,2021-10-11.tif
2021-10-14,2021,pre_breach,cloud_affected,0.135,0.004,1.4158,1.5025,0.0,0.0,2021-10-14_rgb.png,2021-10-14_overlay.png,2021-10-14.tif
2021-10-21,2021,pre_breach,cloud_affected,0.158,0.039,1.2764,1.4544,0.0,0.0,2021-10-21_rgb.png,2021-10-21_overlay.png,2021-10-21.tif
2021-10-31,2021,pre_breach,cloud_affected,0.197,0.033,1.3787,1.4542,0.0,0.0,2021-10-31_rgb.png,2021-10-31_overlay.png,2021-10-31.tif
2022-10-09,2022,pre_breach,good,0,0.036,1.3688,1.5371,0.0,0.0,2022-10-09_rgb.png,2022-10-09_overlay.png,2022-10-09.tif
2022-10-14,2022,pre_breach,good,0,0.037,1.4047,1.5703,0.0,0.0,2022-10-14_rgb.png,2022-10-14_overlay.png,2022-10-14.tif
2022-10-16,2022,pre_breach,good,0,0.032,1.4142,1.5633,0.0,0.0,2022-10-16_rgb.png,2022-10-16_overlay.png,2022-10-16.tif
2022-10-19,2022,pre_breach,good,0,0.021,1.4225,1.5767,0.0,0.0,2022-10-19_rgb.png,2022-10-19_overlay.png,2022-10-19.tif
2022-10-24,2022,pre_breach,good,0.013,0.014,1.3514,1.5746,0.0001,0.0,2022-10-24_rgb.png,2022-10-24_overlay.png,2022-10-24.tif
2022-10-29,2022,pre_breach,good,0,0.013,1.4275,1.5958,0.0,0.0,2022-10-29_rgb.png,2022-10-29_overlay.png,2022-10-29.tif
2022-10-31,2022,pre_breach,good,0,0.013,1.4028,1.574,0.0,0.0,2022-10-31_rgb.png,2022-10-31_overlay.png,2022-10-31.tif
2022-11-03,2022,pre_breach,good,0,0.006,1.4216,1.5965,0.0,0.0,2022-11-03_rgb.png,2022-11-03_overlay.png,2022-11-03.tif
2023-09-14,2023,pre_breach,good,0.012,0,1.5357,1.6156,0.0,0.0,2023-09-14_rgb.png,2023-09-14_overlay.png,2023-09-14.tif
2023-09-26,2023,pre_breach,good,0.0,0.001,1.5167,1.6102,0.0,0.0,2023-09-26_rgb.png,2023-09-26_overlay.png,2023-09-26.tif
2023-10-06,2023,immediate_post_breach,ice_or_snow_covered,0,0.162,0.4016,1.1138,0.0,0.0,2023-10-06_rgb.png,2023-10-06_overlay.png,2023-10-06.tif
2023-10-09,2023,immediate_post_breach,good,0,0.027,0.3414,1.3301,0.0014,0.1,2023-10-09_rgb.png,2023-10-09_overlay.png,2023-10-09.tif
2023-10-11,2023,immediate_post_breach,ice_or_snow_covered,0.175,0.18,0.72,0.955,0.0,0.0,2023-10-11_rgb.png,2023-10-11_overlay.png,2023-10-11.tif
2023-10-14,2023,immediate_post_breach,good,0,0.055,1.0118,1.2928,0.0006,0.05,2023-10-14_rgb.png,2023-10-14_overlay.png,2023-10-14.tif
2023-10-16,2023,immediate_post_breach,good,0,0.049,1.0681,1.3033,0.0,0.0,2023-10-16_rgb.png,2023-10-16_overlay.png,2023-10-16.tif
2023-10-19,2023,immediate_post_breach,good,0,0.025,1.1421,1.3764,0.0008,0.06,2023-10-19_rgb.png,2023-10-19_overlay.png,
2023-10-21,2023,immediate_post_breach,good,0,0.039,1.1221,1.335,0.0,0.0,2023-10-21_rgb.png,2023-10-21_overlay.png,2023-10-21.tif
2023-10-24,2023,immediate_post_breach,good,0.046,0.007,1.1259,1.4014,0.0014,0.1,2023-10-24_rgb.png,2023-10-24_overlay.png,2023-10-24.tif
2023-10-26,2023,immediate_post_breach,good,0,0.012,1.1473,1.4401,0.0002,0.01,2023-10-26_rgb.png,2023-10-26_overlay.png,2023-10-26.tif
2023-10-29,2023,immediate_post_breach,good,0,0.006,1.1799,1.4748,0.0022,0.15,2023-10-29_rgb.png,2023-10-29_overlay.png,2023-10-29.tif
2023-10-31,2023,immediate_post_breach,ice_or_snow_covered,0,0.223,0.6541,0.9578,0.0,0.0,2023-10-31_rgb.png,2023-10-31_overlay.png,2023-10-31.tif
2023-11-03,2023,post_breach,good,0,0.006,1.2101,1.4734,0.002,0.14,2023-11-03_rgb.png,2023-11-03_overlay.png,2023-11-03.tif
2024-09-30,2024,post_breach,good,0,0.063,1.3261,1.3938,0.0004,0.03,2024-09-30_rgb.png,2024-09-30_overlay.png,2024-09-30.tif
2024-10-08,2024,post_breach,good,0.072,0.003,1.316,1.376,0.002,0.15,2024-10-08_rgb.png,2024-10-08_overlay.png,2024-10-08.tif
2024-10-10,2024,post_breach,good,0.058,0.003,1.3076,1.3695,0.0009,0.06,2024-10-10_rgb.png,2024-10-10_overlay.png,2024-10-10.tif
2024-10-13,2024,post_breach,good,0.044,0.005,1.3397,1.4027,0.0021,0.15,2024-10-13_rgb.png,2024-10-13_overlay.png,2024-10-13.tif
2024-10-15,2024,post_breach,good,0.04,0.01,1.3238,1.3864,0.0027,0.2,2024-10-15_rgb.png,2024-10-15_overlay.png,2024-10-15.tif
2024-10-28,2024,post_breach,good,0.002,0.007,1.3929,1.4671,0.0023,0.16,2024-10-28_rgb.png,2024-10-28_overlay.png,2024-10-28.tif
2024-10-30,2024,post_breach,good,0.095,0.007,1.2848,1.3363,0.0016,0.12,2024-10-30_rgb.png,2024-10-30_overlay.png,2024-10-30.tif
2024-11-02,2024,post_breach,good,0.028,0.007,1.3649,1.4348,0.0021,0.15,2024-11-02_rgb.png,2024-11-02_overlay.png,2024-11-02.tif
2025-08-31,2025,post_breach,good,0.049,0.026,1.3434,1.408,0.0023,0.16,2025-08-31_rgb.png,2025-08-31_overlay.png,2025-08-31.tif
2025-09-08,2025,post_breach,good,0.041,0.001,1.4549,1.5214,0.0178,1.17,2025-09-08_rgb.png,2025-09-08_overlay.png,2025-09-08.tif
2025-09-25,2025,post_breach,good,0.058,0.002,1.394,1.4461,0.0196,1.35,2025-09-25_rgb.png,2025-09-25_overlay.png,2025-09-25.tif
2025-10-10,2025,post_breach,good,0.026,0.064,1.3586,1.4398,0.0129,0.9,2025-10-10_rgb.png,2025-10-10_overlay.png,2025-10-10.tif
2025-10-20,2025,post_breach,good,0.044,0.026,1.3237,1.4096,0.0104,0.74,2025-10-20_rgb.png,2025-10-20_overlay.png,2025-10-20.tif
2025-10-22,2025,post_breach,good,0,0.023,1.3928,1.4644,0.011,0.75,2025-10-22_rgb.png,2025-10-22_overlay.png,2025-10-22.tif
2025-11-02,2025,post_breach,ice_or_snow_covered,0,0.47,0.5234,0.5901,0.0009,0.14,2025-11-02_rgb.png,2025-11-02_overlay.png,2025-11-02.tif
2025-11-04,2025,post_breach,ice_or_snow_covered,0,0.276,0.5564,0.6569,0.0,0.0,2025-11-04_rgb.png,2025-11-04_overlay.png,2025-11-04.tif
2026-09-07,2026,post_breach,good,0.087,0.002,1.4081,1.4674,0.0271,1.84,2026-09-07_rgb.png,2026-09-07_overlay.png,2026-09-07.tif
