timestamp_utc,water_level_m,vibration_rms_g,tilt_deg,rainfall_mm_hr,turbidity_ntu,ambient_temp_c,seismic_energy,water_valid,vibration_valid,tilt_valid,rainfall_valid,turbidity_valid,seismic_valid,sensor_status_water,is_synthetic_water
2026-09-27T05:38:37.293588+00:00,2.5,0.04,0.0,2.0,5.0,-1.5,0.01,1,1,1,1,1,,synthetic,True
2026-09-27T05:48:37.293588+00:00,2.5,0.04,0.0,2.0,5.0,-1.5,0.01,1,1,1,1,1,,synthetic,True
2026-09-27T05:58:37.293588+00:00,2.5,0.04,0.0,2.0,5.0,-1.5,0.01,1,1,1,1,1,,synthetic,True
2026-09-27T06:08:37.293588+00:00,2.5,0.04,0.0,2.0,5.0,-1.5,0.01,1,1,1,1,1,,synthetic,True
2026-09-27T06:18:37.293588+00:00,2.5,0.04,0.0,2.0,5.0,-1.5,0.01,1,1,1,1,1,,synthetic,True
2026-09-27T06:28:37.293588+00:00,2.5,0.04,0.0,2.0,5.0,-1.5,0.01,1,1,1,1,1,,synthetic,True
2026-09-27T06:38:37.293588+00:00,2.5,0.04,0.0,2.0,5.0,-1.5,0.01,1,1,1,1,1,,synthetic,True
2026-09-27T06:48:37.293588+00:00,2.5,0.04,0.0,2.0,5.0,-1.5,0.01,1,1,1,1,1,,synthetic,True
2026-09-27T06:58:37.293588+00:00,2.5,0.04,0.0,2.0,5.0,-1.5,0.01,1,1,1,1,1,,synthetic,True
2026-09-27T07:08:37.293588+00:00,2.5,0.04,0.0,2.0,5.0,-1.5,0.01,1,1,1,1,1,,synthetic,True
2026-09-27T07:18:37.293588+00:00,2.5,0.04,0.0,2.0,5.0,-1.5,0.01,1,1,1,1,1,,synthetic,True
2026-09-27T07:28:37.293588+00:00,2.5,0.04,0.0,2.0,5.0,-1.5,0.01,1,1,1,1,1,,synthetic,True
2026-09-27T07:38:37.293588+00:00,2.5,0.04,0.0,2.0,5.0,-1.5,0.01,1,1,1,1,1,,synthetic,True
2026-09-27T07:48:37.293588+00:00,2.5,0.04,0.0,2.0,5.0,-1.5,0.01,1,1,1,1,1,,synthetic,True
2026-09-27T07:58:37.293588+00:00,2.5,0.04,0.0,2.0,5.0,-1.5,0.01,1,1,1,1,1,,synthetic,True
2026-09-27T08:08:37.293588+00:00,2.5,0.04,0.0,2.0,5.0,-1.5,0.01,1,1,1,1,1,,synthetic,True
2026-09-27T08:18:37.293588+00:00,2.5,0.04,0.0,2.0,5.0,-1.5,0.01,1,1,1,1,1,,synthetic,True
2026-09-27T08:28:37.293588+00:00,2.5,0.04,0.0,2.0,5.0,-1.5,0.01,1,1,1,1,1,,synthetic,True
2026-09-27T08:38:37.293588+00:00,2.5,0.04,0.0,2.0,5.0,-1.5,0.01,1,1,1,1,1,,synthetic,True
2026-09-27T08:48:37.293588+00:00,2.5,0.04,0.0,2.0,5.0,-1.5,0.01,1,1,1,1,1,,synthetic,True
2026-09-27T08:58:37.293588+00:00,2.5,0.04,0.0,2.0,5.0,-1.5,0.01,1,1,1,1,1,,synthetic,True
2026-09-27T09:08:37.293588+00:00,2.5,0.04,0.0,2.0,5.0,-1.5,0.01,1,1,1,1,1,,synthetic,True
2026-09-27T09:18:37.293588+00:00,2.5,0.04,0.0,2.0,5.0,-1.5,0.01,1,1,1,1,1,,synthetic,True
2026-09-27T09:28:37.293588+00:00,2.5,0.04,0.0,2.0,5.0,-1.5,0.01,1,1,1,1,1,,synthetic,True
2026-09-27T09:38:37.293588+00:00,2.5,0.04,0.0,2.0,5.0,-1.5,0.01,1,1,1,1,1,,synthetic,True
2026-09-27T09:48:37.293588+00:00,2.5,0.04,0.0,2.0,5.0,-1.5,0.01,1,1,1,1,1,,synthetic,True
2026-09-27T09:58:37.293588+00:00,2.5,0.04,0.0,2.0,5.0,-1.5,0.01,1,1,1,1,1,,synthetic,True
2026-09-27T10:08:37.293588+00:00,2.5,0.04,0.0,2.0,5.0,-1.5,0.01,1,1,1,1,1,,synthetic,True
2026-09-27T10:18:37.293588+00:00,2.5,0.04,0.0,2.0,5.0,-1.5,0.01,1,1,1,1,1,,synthetic,True
2026-09-27T10:28:37.293588+00:00,2.5,0.04,0.0,2.0,5.0,-1.5,0.01,1,1,1,1,1,,synthetic,True
2026-09-27T10:38:37.293588+00:00,2.5,0.04,0.0,2.0,5.0,-1.5,0.01,1,1,1,1,1,,synthetic,True
2026-09-27T10:48:37.293588+00:00,2.51525,0.04237,0.00031,2.593,5.763,-1.483,0.01169,1,1,1,1,1,,synthetic,True
2026-09-27T10:58:37.293588+00:00,2.53051,0.04475,0.00061,3.186,6.525,-1.466,0.01339,1,1,1,1,1,,synthetic,True
2026-09-27T11:08:37.293588+00:00,2.54576,0.04712,0.00092,3.78,7.288,-1.449,0.01508,1,1,1,1,1,,synthetic,True
2026-09-27T11:18:37.293588+00:00,2.56102,0.04949,0.00122,4.373,8.051,-1.432,0.01678,1,1,1,1,1,,synthetic,True
2026-09-27T11:28:37.293588+00:00,2.57627,0.05186,0.00153,4.966,8.814,-1.415,0.01847,1,1,1,1,1,,synthetic,True
2026-09-27T11:38:37.293588+00:00,2.59153,0.05424,0.00183,5.559,9.576,-1.398,0.02017,1,1,1,1,1,,synthetic,True
2026-09-27T11:48:37.293588+00:00,2.60678,0.05661,0.00214,6.153,10.339,-1.381,0.02186,1,1,1,1,1,,synthetic,True
2026-09-27T11:58:37.293588+00:00,2.62203,0.05898,0.00244,6.746,11.102,-1.364,0.02356,1,1,1,1,1,,synthetic,True
2026-09-27T12:08:37.293588+00:00,2.63729,0.06136,0.00275,7.339,11.864,-1.347,0.02525,1,1,1,1,1,,synthetic,True
2026-09-27T12:18:37.293588+00:00,2.65254,0.06373,0.00305,7.932,12.627,-1.331,0.02695,1,1,1,1,1,,synthetic,True
2026-09-27T12:28:37.293588+00:00,2.6678,0.0661,0.00336,8.525,13.39,-1.314,0.02864,1,1,1,1,1,,synthetic,True
2026-09-27T12:38:37.293588+00:00,2.68305,0.06847,0.00366,9.119,14.153,-1.297,0.03034,1,1,1,1,1,,synthetic,True
2026-09-27T12:48:37.293588+00:00,2.69831,0.07085,0.00397,9.712,14.915,-1.28,0.03203,1,1,1,1,1,,synthetic,True
2026-09-27T12:58:37.293588+00:00,2.71356,0.07322,0.00427,10.305,15.678,-1.263,0.03373,1,1,1,1,1,,synthetic,True
2026-09-27T13:08:37.293588+00:00,2.72881,0.07559,0.00458,10.898,16.441,-1.246,0.03542,1,1,1,1,1,,synthetic,True
2026-09-27T13:18:37.293588+00:00,2.74407,0.07797,0.00488,11.492,17.203,-1.229,0.03712,1,1,1,1,1,,synthetic,True
2026-09-27T13:28:37.293588+00:00,2.75932,0.08034,0.00519,12.085,17.966,-1.212,0.03881,1,1,1,1,1,,synthetic,True
2026-09-27T13:38:37.293588+00:00,2.77458,0.08271,0.00549,12.678,18.729,-1.195,0.04051,1,1,1,1,1,,synthetic,True
2026-09-27T13:48:37.293588+00:00,2.78983,0.08508,0.0058,13.271,19.492,-1.178,0.0422,1,1,1,1,1,,synthetic,True
2026-09-27T13:58:37.293588+00:00,2.80508,0.08746,0.0061,13.864,20.254,-1.161,0.0439,1,1,1,1,1,,synthetic,True
2026-09-27T14:08:37.293588+00:00,2.82034,0.08983,0.00641,14.458,21.017,-1.144,0.04559,1,1,1,1,1,,synthetic,True
2026-09-27T14:18:37.293588+00:00,2.83559,0.0922,0.00671,15.051,21.78,-1.127,0.04729,1,1,1,1,1,,synthetic,True
2026-09-27T14:28:37.293588+00:00,2.85085,0.09458,0.00702,15.644,22.542,-1.11,0.04898,1,1,1,1,1,,synthetic,True
2026-09-27T14:38:37.293588+00:00,2.8661,0.09695,0.00732,16.237,23.305,-1.093,0.05068,1,1,1,1,1,,synthetic,True
2026-09-27T14:48:37.293588+00:00,2.88136,0.09932,0.00763,16.831,24.068,-1.076,0.05237,1,1,1,1,1,,synthetic,True
2026-09-27T14:58:37.293588+00:00,2.89661,0.10169,0.00793,17.424,24.831,-1.059,0.05407,1,1,1,1,1,,synthetic,True
2026-09-27T15:08:37.293588+00:00,2.91186,0.10407,0.00824,18.017,25.593,-1.042,0.05576,1,1,1,1,1,,synthetic,True
2026-09-27T15:18:37.293588+00:00,2.92712,0.10644,0.00854,18.61,26.356,-1.025,0.05746,1,1,1,1,1,,synthetic,True
2026-09-27T15:28:37.293588+00:00,2.94237,0.10881,0.00885,19.203,27.119,-1.008,0.05915,1,1,1,1,1,,synthetic,True
2026-09-27T15:38:37.293588+00:00,2.95763,0.11119,0.00915,19.797,27.881,-0.992,0.06085,1,1,1,1,1,,synthetic,True
2026-09-27T15:48:37.293588+00:00,2.97288,0.11356,0.00946,20.39,28.644,-0.975,0.06254,1,1,1,1,1,,synthetic,True
2026-09-27T15:58:37.293588+00:00,2.98814,0.11593,0.00976,20.983,29.407,-0.958,0.06424,1,1,1,1,1,,synthetic,True
2026-09-27T16:08:37.293588+00:00,3.00339,0.11831,0.01007,21.576,30.169,-0.941,0.06593,1,1,1,1,1,,synthetic,True
2026-09-27T16:18:37.293588+00:00,3.01864,0.12068,0.01037,22.169,30.932,-0.924,0.06763,1,1,1,1,1,,synthetic,True
2026-09-27T16:28:37.293588+00:00,3.0339,0.12305,0.01068,22.763,31.695,-0.907,0.06932,1,1,1,1,1,,synthetic,True
2026-09-27T16:38:37.293588+00:00,3.04915,0.12542,0.01098,23.356,32.458,-0.89,0.07102,1,1,1,1,1,,synthetic,True
2026-09-27T16:48:37.293588+00:00,3.06441,0.1278,0.01129,23.949,33.22,-0.873,0.07271,1,1,1,1,1,,synthetic,True
2026-09-27T16:58:37.293588+00:00,3.07966,0.13017,0.01159,24.542,33.983,-0.856,0.07441,1,1,1,1,1,,synthetic,True
2026-09-27T17:08:37.293588+00:00,3.09492,0.13254,0.0119,25.136,34.746,-0.839,0.0761,1,1,1,1,1,,synthetic,True
2026-09-27T17:18:37.293588+00:00,3.11017,0.13492,0.0122,25.729,35.508,-0.822,0.0778,1,1,1,1,1,,synthetic,True
2026-09-27T17:28:37.293588+00:00,3.12542,0.13729,0.01251,26.322,36.271,-0.805,0.07949,1,1,1,1,1,,synthetic,True
2026-09-27T17:38:37.293588+00:00,3.14068,0.13966,0.01281,26.915,37.034,-0.788,0.08119,1,1,1,1,1,,synthetic,True
2026-09-27T17:48:37.293588+00:00,3.15593,0.14203,0.01312,27.508,37.797,-0.771,0.08288,1,1,1,1,1,,synthetic,True
2026-09-27T17:58:37.293588+00:00,3.17119,0.14441,0.01342,28.102,38.559,-0.754,0.08458,1,1,1,1,1,,synthetic,True
2026-09-27T18:08:37.293588+00:00,3.18644,0.14678,0.01373,28.695,39.322,-0.737,0.08627,1,1,1,1,1,,synthetic,True
2026-09-27T18:18:37.293588+00:00,3.20169,0.14915,0.01403,29.288,40.085,-0.72,0.08797,1,1,1,1,1,,synthetic,True
2026-09-27T18:28:37.293588+00:00,3.21695,0.15153,0.01434,29.881,40.847,-0.703,0.08966,1,1,1,1,1,,synthetic,True
2026-09-27T18:38:37.293588+00:00,3.2322,0.1539,0.01464,30.475,41.61,-0.686,0.09136,1,1,1,1,1,,synthetic,True
2026-09-27T18:48:37.293588+00:00,3.24746,0.15627,0.01495,31.068,42.373,-0.669,0.09305,1,1,1,1,1,,synthetic,True
2026-09-27T18:58:37.293588+00:00,3.26271,0.15864,0.01525,31.661,43.136,-0.653,0.09475,1,1,1,1,1,,synthetic,True
2026-09-27T19:08:37.293588+00:00,3.27797,0.16102,0.01556,32.254,43.898,-0.636,0.09644,1,1,1,1,1,,synthetic,True
2026-09-27T19:18:37.293588+00:00,3.29322,0.16339,0.01586,32.847,44.661,-0.619,0.09814,1,1,1,1,1,,synthetic,True
2026-09-27T19:28:37.293588+00:00,3.30847,0.16576,0.01617,33.441,45.424,-0.602,0.09983,1,1,1,1,1,,synthetic,True
2026-09-27T19:38:37.293588+00:00,3.32373,0.16814,0.01647,34.034,46.186,-0.585,0.10153,1,1,1,1,1,,synthetic,True
2026-09-27T19:48:37.293588+00:00,3.33898,0.17051,0.01678,34.627,46.949,-0.568,0.10322,1,1,1,1,1,,synthetic,True
2026-09-27T19:58:37.293588+00:00,3.35424,0.17288,0.01708,35.22,47.712,-0.551,0.10492,1,1,1,1,1,,synthetic,True
2026-09-27T20:08:37.293588+00:00,3.36949,0.17525,0.01739,35.814,48.475,-0.534,0.10661,1,1,1,1,1,,synthetic,True
2026-09-27T20:18:37.293588+00:00,3.38475,0.17763,0.01769,36.407,49.237,-0.517,0.10831,1,1,1,1,1,,synthetic,True
2026-09-27T20:28:37.293588+00:00,3.4,0.18,0.018,37.0,50.0,-0.5,0.11,1,1,1,1,1,,synthetic,True
